,Good_Bad_flag,customerid
0,1.0,8a858899538ddb8e015390510b321f08
1,1.0,8a858e675c3fe0a1015c44ba8a037fee
2,1.0,8a858e705668e16701568d358c6579da
3,1.0,8a858ee25b34d796015b387bdfb9477f
4,1.0,8a858f275c451af5015c589ae56f15bf
5,1.0,8a858f375b493337015b4b87fd557c4f
6,1.0,8a858f5b5bee1b11015bf1b4ffea5abb
7,1.0,8a858f665c45930d015c4b164bed3b03
8,1.0,8a858fc25c172499015c18614b6e3f30
9,1.0,8a858faf56b7821c0156cdaa248222fd
10,1.0,8a8588d653a915270153aa96cfac2e31
11,0.0,8a858e205c21d53a015c32394c2162f8
12,1.0,8a858e255557edfe015573404b8a167f
13,1.0,8a858e4a5cac6f81015cb07850bc4ed8
14,1.0,8a858e685c217d36015c22d730c532f0
15,0.0,8a858eb75c21a2b9015c2aff4a5f448a
16,1.0,8a858f0455d9feaf0155f230b2e1680f
17,1.0,8a858f305cb1ec4e015cb65bf76e7744
18,1.0,8a858f4e5ca72981015ca7a4fdc23103
19,1.0,8a858f7057b918e40157bd8c8a8e6ec1
20,1.0,8a858fa05c82907b015c82bc5d911e17
21,1.0,8a858fbd5cd6054a015cea089d6d1c15
22,0.0,8a858fd85b685607015b7c676ce10c40
23,1.0,8a858ffe5c44d5b6015c450d4ba52a5c
24,1.0,8a858e575cf89b61015cf8b4bb1b0d8c
25,0.0,8a858ff459faa35f0159fb304ea230e6
26,1.0,8a8588175489ef7701548cd088f2207b
27,1.0,8a85896653f0fed20153f755e081662f
28,1.0,8a858e475c1c2ea7015c204c71df404c
29,1.0,8a858eba5c884d2a015c9795b92e7801
30,1.0,8a858e7c5c78b1ff015c7cc02d010d60
31,0.0,8a858f045bc9690c015bca51755455a1
32,1.0,8a858f1e5cef1d91015cf11348b17a07
33,1.0,8a858f295c8d307f015c9b0c82c6605b
34,1.0,8a858f9d565c0059015663fdde19510e
35,1.0,8a858fcb5d0ed176015d0efab3180966
36,1.0,8a858fda5c1bd1f7015c1be7f7450f37
37,1.0,8a858ffd5b391849015b392ab12c145c
38,1.0,8a858e3f5b5cecb6015b5d16a740279e
39,0.0,8a858f665ca1c775015ca1e1f1360d78
40,1.0,8a8588dc5384a05f01539f0b767647ce
41,1.0,8a858e445cd56553015ce17d2c26494d
42,1.0,8a858ed55c63db54015c6e0859c72f24
43,1.0,8a858eec5d4232a5015d4623cd0a048b
44,1.0,8a858f115cea8545015ceb7bb25437cb
45,1.0,8a858f265c2187bd015c24ab682b4419
46,1.0,8a858f365d5bb7ab015d5f0a75401eb6
47,1.0,8a858f4e5ca72981015ca7886d4725d6
48,1.0,8a858f855bf2f1ad015bf3a592d55d35
49,1.0,8a858fe05784e62901578684e3720c00
50,1.0,8a858ffd5c8d343d015c8f02ce3004ad
51,1.0,8a858e045cd5b1d6015ce312a2775743
52,0.0,8a858f1b5b256bc9015b3039f72a13d5
53,1.0,8a858e0c5bf343de015bf762be82124b
54,1.0,8a858e1d5cd58f9e015cde53c77b1274
55,0.0,8a858e3e5922ba4301592d167a8d19b7
56,1.0,8a858e885c63d379015c6cccc09b5b7a
57,1.0,8a858e345bd96da8015be74e2d845157
58,1.0,8a858e525cac859d015caee19f745160
59,1.0,8a858e6b5d1885ce015d1894c8620d20
60,1.0,8a858e8d5d41c5fd015d45762a6400db
61,1.0,8a858eb75c21a2b9015c27074d841304
62,1.0,8a858f095c3b2c30015c43f7ca9a3d94
63,1.0,8a858f25584470aa01584da2a1db5663
64,0.0,8a858f685b5dadef015b5daef51a007e
65,1.0,8a858f7d5cf9aef9015d0cc6f0d61fc2
66,1.0,8a858f965bb63a25015bc8aebd3b4b64
67,1.0,8a858fab5cd5e1a7015cdf590c9d1f59
68,1.0,8a858fc75cd62882015cdb0bcbe41e33
69,1.0,8a858f665c45930d015c50908f4d2df3
70,1.0,8a858fce5c360eb7015c37df672c6263
71,0.0,8a85891e53ad0e6b0153b0ba20452521
72,1.0,8a858e345bd96da8015bdf494ac059fe
73,1.0,8a858e605ce99f55015ceacaa29d0ba5
74,1.0,8a858e725c3ae262015c3e74c7e52155
75,1.0,8a858ed45c454c11015c4e4b4559656a
76,1.0,8a858edf5c69a538015c7a94c4014429
77,1.0,8a858ee45beda286015befb09fca0d6f
78,1.0,8a858f585cf9d48b015d0805acb34afc
79,1.0,8a858f6c570f2d6601570f4637b10cbc
80,1.0,8a858fef570f30e501571fd446d44c81
81,1.0,8a858e6c5c88d145015c8cd3a21d61d8
82,1.0,8a858ecd57b919a70157c8398b5d5300
83,1.0,8a858e475c127bce015c1715ca853ccf
84,1.0,8a858e685c217d36015c2fedb165662b
85,1.0,8a858ea75ba01fdf015ba4313c283d37
86,1.0,8a858ecc57b9184b0157ba61dab46cbc
87,1.0,8a858f1f5c59cd91015c5dfb2dfb7d93
88,1.0,8a858f685886044001588b8117fc6188
89,1.0,8a858f2c585375f0015864b6715151a1
90,0.0,8a858f3455a0d8070155c5c138987cad
91,0.0,8a858f475be98d5f015bea05e74b1b04
92,1.0,8a858f965c6950da015c7c022e4757a6
93,1.0,8a858fc15b68ba6a015b7364beb20e51
94,1.0,8a858fcb5ca240f7015ca5ca808f4285
95,0.0,8a858fd95c3b5bca015c3c09f9e82bd5
96,1.0,8a858e175872e14e0158760dbfcc5d06
97,0.0,8a858f3a58a6d6720158b0d75ed070f2
98,1.0,8a8589b0541e21e401541ec02e000ec4
99,1.0,8a858e395cb1d4d9015cbe36653b294e
100,1.0,8a858e495cef1ef1015cf3901dc62a7d
101,1.0,8a858e7c588604a401589940135a58fd
102,1.0,8a858e9b5a195041015a1a7d86c7564f
103,1.0,8a858eed5a476a3c015a48d4049172e3
104,1.0,8a858f115cea8545015cee54a7486425
105,1.0,8a858f305c8dd672015c93b1db645db4
106,1.0,8a858f965bb63a25015bbb3c90f07658
107,1.0,8a858fb559b64f410159b6d8b6ed48f4
108,1.0,8a858fd3552c75620155592474741064
109,1.0,8a858fff5a28d297015a2db9e78d1744
110,1.0,8a858eea5d1d99d3015d27a2a7f62335
111,1.0,8a858f4156939c3c01569f034a8d6b06
112,1.0,8a858f5b5bee1b11015bf1c55a266522
113,1.0,8a858f0a5bf3716c015bf411533c2f1b
114,1.0,8a858e195ccb3020015ccc1f0901664d
115,1.0,8a858e2e5bb57a37015bc0e3cdd00b74
116,1.0,8a858e5d5bf3454f015bf4ff33845406
117,1.0,8a858e6e55c554c20155c5731ae90d16
118,0.0,8a858e935cedfe55015cee23feae1e84
119,1.0,8a858ec05ba5ca1d015bae4081105e57
120,0.0,8a858f085bcf44be015bd31798a22475
121,0.0,8a858f15555455250155640248702794
122,1.0,8a858f695ceee665015cef2c74e82bc3
123,1.0,8a858fbf5b3a0b46015b3d56a9a72115
124,1.0,8a858fcd5bd42c30015bd525a0e34e8e
125,1.0,8a858ff35c63d750015c65a730ac2e7c
126,1.0,8a858e725c360240015c3710db1f3e44
127,1.0,8a858f6f5b3f095b015b3f57daaa5cff
128,1.0,8a858f9d5afc0a16015afc552c271b88
129,1.0,8a858fcf5b39c3ba015b3d91e1f028de
130,1.0,8a858fe35cd0edad015cd3df1c295c30
131,0.0,8a858e6d58b0cc520158b468f3507f9f
132,0.0,8a858ebc5bd450fe015bd5375abb3175
133,0.0,8a858e5d57518f460157579f21843441
134,1.0,8a858e6f5cd5e874015cd9285d745cf7
135,0.0,8a858efd5b39cf3d015b3abcd18774ef
136,1.0,8a858f185c884965015c887f761821b6
137,0.0,8a858f475c11bc72015c1381706c10db
138,1.0,8a858f635cd0112b015cd04879881d76
139,0.0,8a858f8a558227f2015588ff37f873d5
140,1.0,8a858fa95c695f85015c722c61b67dce
141,1.0,8a858fc75cd62882015cd635fb7f0393
142,1.0,8a858ff35c1ada43015c1ae99d830a0b
143,1.0,8a858e21586d1ac801586d9b9f0a2f3b
144,1.0,8a858899538ddb8e01539a6c3e99691c
145,1.0,8a858e245c214660015c2c27234403a9
146,1.0,8a858e3e5922ba43015960f173140164
147,1.0,8a858e675c3fe0a1015c49af1dd366b0
148,1.0,8a858e985885ff6d0158a07e0740204d
149,1.0,8a858ea75ba01fdf015ba0a2a764405d
150,1.0,8a858ec75bfd77c4015bfda9291a0e1e
151,1.0,8a858f0c5ca18b3d015ca194f4a60867
152,1.0,8a858f54592214a0015926bce60f2108
153,1.0,8a858f5e5cb23c77015cb7532e3912cb
154,1.0,8a858f985bee01cb015bee649b4f3611
155,1.0,8a858fca5c35df2c015c3700113b4c9d
156,0.0,8a858e575bf80f73015bfbb6e1692e6d
157,1.0,8a858f0656b7820c0156c1675caf6f38
158,1.0,8a8588dd54be35520154c92031650de4
159,1.0,8a858e0b5cfa2028015cfe1927380b99
160,1.0,8a858e675a3bef15015a3c06da560bdd
161,1.0,8a858ec65cc6352b015ccb395a392d32
162,1.0,8a858ed45c454c11015c57f3d8154215
163,1.0,8a858eff5b393484015b3944320810f3
164,1.0,8a858f365b2547f3015b2b5c729d5724
165,1.0,8a858f4e5ca72981015cab698acd7f40
166,1.0,8a858f755af28150015af5534c2e15ce
167,1.0,8a858faa5cf9a4f6015cf9efe1a92e72
168,1.0,8a858fb15d0d2558015d0d98bc79398b
169,1.0,8a858ff35c63d750015c63e977c50cf6
170,1.0,8a858fbd5cd6054a015cda2ad0aa086d
171,1.0,8a858e1d5cd58f9e015ce109b14c577e
172,0.0,8a858e475c127bce015c169071077ceb
173,0.0,8a858e725c3ae262015c3e97e63a2b2b
174,1.0,8a858ef05c63d3b5015c6493de755e63
175,0.0,8a858f495beda5ee015bee2f3c4e51d7
176,1.0,8a858f935b8753e6015b8a360b650064
177,1.0,8a858f9f5679951a015689f8cbab66c5
178,1.0,8a858fab5cd5e1a7015cdeddd8590ea3
179,1.0,8a858fc45c5f93be015c63842ca27543
180,1.0,8a85893d53e2e2f30153ef9dfaf4133e
181,1.0,8a858e6458625423015866b8e3c20576
182,1.0,8a858f5c5bfc7082015bfcd94a2848c3
183,1.0,8a85886f54517ee001547fa349f870cd
184,1.0,8a858e655a047d1a015a12f9d9eb5b9c
185,0.0,8a858e6c5c88d145015ca0b1c8b17bd8
186,1.0,8a858e905a8fc7af015a903b5fb63073
187,0.0,8a858eac5ad81473015adb8fd64e2636
188,1.0,8a858eb85cef9327015cf3a643af0628
189,1.0,8a858ece5d1e42c3015d25eb4ac011d9
190,1.0,8a858ee55cb156e6015cbb32a2cf1f7b
191,1.0,8a858f305c8dd672015c9cc94b4c2adb
192,1.0,8a858f3e58b4ff1a0158b63d1df0021c
193,1.0,8a858f585cf9d48b015cfa156a9024ea
194,1.0,8a858f725b49c0c0015b501c78d85002
195,1.0,8a858f935760a6180157656412854b07
196,1.0,8a858fb95bd896cc015bd8a775a70c54
197,0.0,8a858f0a5bf3716c015bf74ec5a60dc8
198,1.0,8a8589595384a853015399b541617655
199,1.0,8a858e0156b782a10156c6ed04d7049c
200,1.0,8a858e135c7e2eec015c81e0d3d1325d
201,1.0,8a858e345bd96da8015bdaa8f56d42c1
202,1.0,8a858e445cd56553015ce203566b4ea7
203,1.0,8a858e6a5cc6b1aa015cc90e451e31e0
204,1.0,8a858e725cf420fd015cf437db121438
205,0.0,8a858ed45c454c11015c520ab8602f15
206,1.0,8a858f005cc5df15015cc5eb75d00970
207,0.0,8a858f2a5b3f2121015b3f2e1a5c1277
208,1.0,8a858fab5cd5e1a7015cd9c3b9ae0f29
209,1.0,8a858fca5c35df2c015c35e501f203d3
210,1.0,8a858fef5cd5636a015cd5a5659e2656
211,0.0,8a858e865c1b00d9015c1b4a546d2814
212,1.0,8a858f185ab8e4e5015abd46660a35ef
213,0.0,8a858fc15b68ba6a015b72f1c66205da
214,1.0,8a8589d754be350e0154bea33f411c02
215,1.0,8a858e235bd971a4015bd984429906d5
216,0.0,8a858e6d58b0cc520158c8d1f12252d4
217,0.0,8a858eba5b681df4015b70b3ca8b0f4c
218,1.0,8a858ef85cf9e152015d08e74fc66452
219,1.0,8a858f055d0e3d8c015d0fecbb167722
220,1.0,8a858f255cb1710a015cc3e7f142101c
221,0.0,8a858f4f5b66de3a015b66fc83c61902
222,1.0,8a858fab5cd5e1a7015cde28b9f37db3
223,1.0,8aaae7a74400b28201441c8b62514150
224,1.0,8a858f305c8dd672015c9439eb1c6964
225,1.0,8a858ffa55ca72a50155d49947914143
226,1.0,8a8588dd54be35520154c60d7af90d99
227,1.0,8a8589d754a05c0a0154a492f1746b13
228,1.0,8a858e3654e2a8240154e86636f673f8
229,0.0,8a858e795b204ffc015b20af599b1c15
230,1.0,8a858e9d5bfd7037015bfd9fe4ec0ed7
231,1.0,8a858ec559dbb41a0159df903f87302e
232,1.0,8a858ed95cc5bd6b015cc5e4371b13ee
233,1.0,8a858e165a47b2fd015a47ba957b0591
234,1.0,8a858e2d5bb55d46015bc34c011f3c7e
235,1.0,8a858e495d1e235c015d2cab67f045eb
236,1.0,8a858e8e59bbadf50159c0b7158944e0
237,1.0,8a858e995bfc46c6015bfcda377e4b6e
238,1.0,8a858eb4588604f70158863ec5720ce8
239,1.0,8a858ed45c454c11015c45bcf57039dc
240,1.0,8a858efa5b444739015b44d221873c11
241,0.0,8a858f305c8dd672015c9b0451ec3125
242,1.0,8a858f4e5ca72981015cabf3f75d36d7
243,0.0,8a858f7e5c213ef4015c31640d15066c
244,1.0,8a858f9d5c8779e7015c87d0c6db38fd
245,1.0,8a858fc15b68ba6a015b7803816a6145
246,1.0,8a858ff35c63d750015c63dbb45e027c
247,0.0,8a858e6a5c829229015c829aad4f05b5
248,1.0,8a858e045cd5b1d6015ce52f1a166c1b
249,0.0,8a858e225a22cf58015a2471b4854027
250,1.0,8a858e4b5cb1e4d7015cb2c1a0f4204c
251,0.0,8a858e655a047d1a015a17be58262943
252,0.0,8a858edb5a70bfe0015a7c3c68d16980
253,1.0,8a858f265cfa1a64015cffd360cf3f7b
254,0.0,8a858f2e5c699f3a015c749e4d090695
255,1.0,8a858f4f59f4ed130159f50d47b117a0
256,1.0,8a858f8f5bfd3cfa015c0cec47c055f1
257,0.0,8a858fba5cd5feee015cdb0546383f66
258,1.0,8a858fc65c7e0e55015c7f8126b8672a
259,1.0,8a858ffd5c8d343d015c9cab96843756
260,0.0,8a858e245c5f3f7c015c5fc06e1022b7
261,1.0,8a858f305cb1ec4e015cc075bf43795e
262,1.0,8a85886f54517ee00154541985fc7c19
263,1.0,8a858966538deb19015391420fe01f59
264,1.0,8a8589a7545186b101546de734bb6d5d
265,1.0,8a858e1d5cd58f9e015ceaeac93864b5
266,1.0,8a858e6a5bfd4b54015c0065e2c6050f
267,1.0,8a858e445add19b4015ade12ac4d382a
268,1.0,8a858e5357d823010157e1248f816ec5
269,1.0,8a858e6c5c88d145015c964472ed5b2c
270,1.0,8a858ece5cd05041015cd14579177593
271,1.0,8a858eec5d4232a5015d4fbcfe6414ea
272,1.0,8a858f0c5cc68025015cc7706f0d31b7
273,1.0,8a858f2656e154de0156fb12aedb3841
274,1.0,8a858f595d1387e8015d149bd8e57256
275,1.0,8a858f6c5cac8f53015cafeb15141be1
276,1.0,8a858f975c4582c4015c5379bebc030a
277,1.0,8a858fa25cfa127c015d0958368043fb
278,0.0,8a858fb75cf4b2bd015cf7d0dda60b7c
279,0.0,8a858fcb5c87dd04015c882423cd3abd
280,0.0,8a858f6e5cb16eb9015cbf6316b4273f
281,0.0,8a858ff35c63d750015c6939de7f2388
282,1.0,8a858e625c8d993a015c944701ea0746
283,1.0,8a858e775b10631f015b1099fea22372
284,1.0,8a858e985ccb51e8015ccf5370fe5128
285,1.0,8a858eb45c11f9e4015c1221c18d103f
286,1.0,8a858ebe5908030101591d56673a3213
287,1.0,8a858ef05d0edf64015d12894b9a4f4b
288,1.0,8a858f095c3b2c30015c3cb53f584d24
289,1.0,8a858f335cd0c78e015cd44b20b736c0
290,1.0,8a858fa25bd92c20015be6b5d0f03cf1
291,1.0,8a858fba5cd5feee015cd934e2f2657f
292,1.0,8a858fe55656a93801565ad4976f225f
293,1.0,8a858ff85bd93919015be24c4f851772
294,1.0,8a8589b953bc23f70153bcb44fc40b19
295,1.0,8a858e345bd96da8015be6289d010075
296,1.0,8a858e4e5c3502ab015c3581a2ea2f66
297,1.0,8a858e6a5bfd4b54015c0e31d74c35da
298,1.0,8a858e725c3ae262015c3ea9a77430ea
299,1.0,8a858eb05800dd6201580acff9ed0c96
300,1.0,8a858ef25c8393f8015c873e2c443d27
301,1.0,8a858f225b3dc49e015b3de052f52204
302,1.0,8a858f475c7ea023015c81ad999a0386
303,0.0,8a858e7d5b591490015b59618de419b4
304,0.0,8a858e885c9c6f96015c9e2403c32687
305,0.0,8a858ea55ab92cff015abeac4bdb7255
306,0.0,8a858f7d5c5e86a8015c5e8a3e1f035f
307,1.0,8a858f9f5bd99987015bd9f0e7c81fd0
308,1.0,8a858fcb5c11f481015c136958a75b40
309,0.0,8a8588dc5384a05f0153895b425a2a63
310,1.0,8a858f3a58a6d6720158aa1561f233c0
311,1.0,8a858fc959bb192f0159bb26fbe70c82
312,1.0,8a858e435bedeb4f015beefb8a294d30
313,1.0,8a858e685c174778015c1a1c2b6b557b
314,1.0,8a858e6f5668e0170156849effb35b01
315,0.0,8a858eed5a42df95015a45ef0d86723f
316,1.0,8a858f275c451af5015c546a50ce55ed
317,1.0,8a858f5e5bedf32a015beeb96d0a4ddf
318,1.0,8a858f745b86e128015b872a3a063068
319,0.0,8a858fc259d7378a0159da1f629a0741
320,1.0,8a858fd25c5a5bc7015c5cd633965294
321,1.0,8a858edf55ca17ba0155de9a93fd4b4b
322,1.0,8a858fa25ba50724015ba50ce44c062d
323,1.0,8a858ef85a613c85015a684e546a4e82
324,1.0,8a858f2e5c699f3a015c7405e386784e
325,1.0,8a858f4b55df0f530155f714fc8a6701
326,1.0,8a858f6a5d1e09b3015d2b9c63ee790e
327,1.0,8a858f9c5a4817be015a486238ca1a96
328,1.0,8a858fc55bf27347015bf2759d8c016e
329,0.0,8a858e345bd96da8015be708cfda2c74
330,0.0,8a858f045bc9690c015bca251e9a4e95
331,0.0,8a858f8e5c5f46fc015c633244a35e89
332,0.0,8a85883353e2e4e40153e615982440e2
333,0.0,8a858e0458d4ac3d0158dee8a7a84b5c
334,1.0,8a858e3d5c3b5122015c3f19525a05d4
335,0.0,8a858e6956939bac015693ab5e95049f
336,1.0,8a858e7d5ab8ce17015abf6bc2b52ab6
337,1.0,8a858ef25c8393f8015c83fa6fe71cbc
338,1.0,8a858f335c8d9723015c9b9132b212e3
339,0.0,8a858f665c45930d015c51fd1e3b47d8
340,1.0,8a858fcc5cf4a563015cf569a33249a9
341,1.0,8a858fdd5800dc77015807ca70d501e3
342,1.0,8a858e205c880ef2015c8859fc092b1f
343,0.0,8a858f7c5be8dc45015be964ef6f5833
344,1.0,8a858ffd5c8d343d015c979e2c33038e
345,0.0,8a858e885b68546c015b75d138885cee
346,1.0,8a858f255c78552d015c7877d6e11cdb
347,0.0,8a858fb85b81c658015b851b7668420c
348,1.0,8a8588dc5384a05f01539a4fbd8e1f5d
349,1.0,8a858e1d5cd58f9e015ce46e63263acd
350,1.0,8a858e605ce99f55015cea610eab6542
351,1.0,8a858e705b3a03c7015b3c16c087774f
352,1.0,8a858eb55d8a047e015d8b0387e85794
353,0.0,8a858ed55844707601584dfb865e3284
354,0.0,8a858f0f5bfd79d2015c057f0bc11b19
355,1.0,8a858f1a5ccb60ae015ccf0ca1393eee
356,1.0,8a858f345ad253d6015ad260db8c0a81
357,0.0,8a858f4b55df0f530155df2ba21c0cc4
358,0.0,8a858f785ad67c4d015ad6c1b9f4339e
359,1.0,8a858ff9580b881201581e41fa95467b
360,0.0,8a858e775c362114015c3ac335ce7f57
361,0.0,8a8589d7548fb3a801549a62a32e3d5a
362,1.0,8a858e285c7c7fc9015c7c8c1e040865
363,1.0,8a858e415c5a2000015c5a85158e2fd3
364,0.0,8a858e735b86c5e6015b86ca110b0353
365,1.0,8a858eb456e0b9490156fc26f9c434df
366,0.0,8a858ed45c454c11015c4c55a35d4ce0
367,1.0,8a858f0d58a18ebc0158a9bf124b5a30
368,1.0,8a858f295c8d307f015c92f962ed63c8
369,1.0,8a858f555cacacdf015cafcc2c1c7105
370,0.0,8a858f615591c2cc0155965e44ff3633
371,0.0,8a858f8a558227f2015590dc5e57307e
372,1.0,8a858fbf5b3a0b46015b3ac9ef325d05
373,1.0,8a858fd3552c7562015548e2d7327a53
374,1.0,8a858f0b5c595029015c598f160d2495
375,1.0,8a858f5d5929e0fd015945f72b1420e1
376,1.0,8a858e0d59c9abfc0159cac7fba146ab
377,1.0,8a858e775c362114015c3b3afefd3f2d
378,1.0,8a858ec75c11a07a015c16a2289b4fa7
379,1.0,8a858eda5c8863ff015c96bd0ee76a88
380,1.0,8a858ef45be99ccb015bec00e8ff5383
381,1.0,8a858f005b396e23015b397635140a37
382,1.0,8a858f0c57d3fe8e0157dcc488084992
383,1.0,8a858f1f5c834d4f015c85f0235d6562
384,1.0,8a858f385b34d285015b34ed06a1189b
385,1.0,8a858f565c3acb9d015c3f5e4d3b6d8d
386,0.0,8a858f8a5a424041015a43ca4912104e
387,0.0,8a858fab5cd5e1a7015ce50756cf0aef
388,1.0,8a858fba570ca86401570e9e31230e2e
389,0.0,8a858ffd5caca417015cacdb354a2364
390,0.0,8a858f235b8bf5bc015b8bfee8ee084c
391,0.0,8a858fee5863a04901586c7547896071
392,1.0,8a858e095c59b91b015c59d6c3e90f73
393,1.0,8a858e205c21d53a015c2a1bbee92567
394,1.0,8a858e625c8d993a015c8ed65d1a60e2
395,0.0,8a858e6a5cc6b1aa015cc74b2e5a12bb
396,1.0,8a858e7855113fb701552aa02f471edc
397,1.0,8a858e875c63d395015c6472a8f34fa7
398,1.0,8a858ef255c55fd60155daa40f514312
399,1.0,8a858f045bab240c015bab4f47fe14dd
400,1.0,8a858f1b5b256bc9015b2f7ff2d860fb
401,1.0,8a858fa05c82907b015c82e998ce3657
402,1.0,8a858faf56939fea0156a7a6a8435dd7
403,0.0,8a858fcc5987800e01598784b60a00df
404,0.0,8a858f6e5cb16eb9015cb7fd2766646d
405,1.0,8a858e435d37b4ce015d3b2164ed0b00
406,1.0,8a858e66582a51a301583396652f58da
407,1.0,8a858e6f5cd5e874015cd6bbd4f83158
408,1.0,8a858eaf570f3a0a01571e342bb40617
409,1.0,8a858f2b5bf35819015bf3cc59193622
410,1.0,8a858fb4563228d201563d09846204bd
411,1.0,8a858fc959b73f6d0159b8286fbb543b
412,1.0,8a858ff05d128e7c015d12a0962e0c8d
413,0.0,8a858f295c8d307f015c9cee64412197
414,1.0,8a8189f9526ad7de015280bef19d5811
415,1.0,8a8588c2546bf7590154830ec1d21661
416,1.0,8a858e135cb22031015cc039e591078b
417,1.0,8a858e395cb1d4d9015cc067ecea501f
418,0.0,8a858e495bf8527e015bf8a5de842da2
419,1.0,8a858e6c5c88d145015c9d177714659b
420,1.0,8a858e945bfdb9e7015c0cbdf40d05b6
421,1.0,8a858eda5c8863ff015c96c523266b34
422,1.0,8a858f045c108b7c015c109f13660832
423,0.0,8a858f2c58dc6e680158dd8af7761f24
424,0.0,8a858f955a6b4986015a6ff352ae57e5
425,1.0,8a858fb75cc4c299015cc5033b41281c
426,0.0,8a858ffe5c11b69c015c11cd083f0bf2
427,1.0,8a858eb95b3ed48c015b3f2be5056fcd
428,1.0,8a858e235be813f6015be923ff0d621f
429,1.0,8a858e7b55deef140155ecf0680c07df
430,1.0,8a858ea75cef5535015cf2aa1846310b
431,1.0,8a858ec555f96a9a015600fbe3bd7f24
432,0.0,8a858f08582a51bc01582e506db60fd7
433,1.0,8a858f2e5cd09481015cd0b9a1c71440
434,1.0,8a858f7e5c213ef4015c2c0013e72111
435,1.0,8a858fb05989e30101598f2295ab21da
436,1.0,8a858fc75b48cd91015b48db33c01405
437,1.0,8a858fef570f30e50157285c1179057b
438,1.0,8a858e245b680423015b8056f2c015eb
439,1.0,8a858e36590808e30159431352ef5f7d
440,1.0,8a858e625c8d993a015c97da8e5a5999
441,1.0,8a858e6c5c88d145015c9cd6d6224756
442,1.0,8a858ec65c123dfb015c1655b29255f1
443,1.0,8a858eda552adcc201554a43790937ed
444,1.0,8a858887545183ca015458c977db7bd2
445,1.0,8a858970548359cc0154856f47c73b81
446,1.0,8a858e005ca7abe3015ca7fcdd9e1687
447,1.0,8a858e165b90faf9015b9a873738471e
448,1.0,8a858e4f5d31cd1f015d32059b15239c
449,1.0,8a858e6a5bfd4b54015c0b1d85ef208e
450,1.0,8a858e8e5ca1f1a8015ca2188ba013ca
451,1.0,8a858eb75d324d55015d362d07c73dca
452,1.0,8a858f8f5bfd3cfa015c0d135d0365b3
453,1.0,8a858fc65d138f01015d14ba1ceb685b
454,1.0,8a858fd55c45ba15015c4a3dfdee0ecd
455,0.0,8a85898a53bc15600153bed1da1525cf
456,1.0,8a858eb85cef9327015cefb8167a1dfe
457,1.0,8a858e135cb22031015cc0a1aa8e3406
458,1.0,8a858e69566ae5b801566fcb6148761d
459,1.0,8a858ece5d1e42c3015d235334ba7683
460,1.0,8a858f0455d9feaf0155ee2126024371
461,1.0,8a858f535d325481015d3593ac7e0cb3
462,1.0,8a858f9e5a6b4fad015a6bc035af3d70
463,1.0,8a858fbc594a495c01595fadf4a023e6
464,0.0,8a858fd858d5076d0158e2dd9ded2afa
465,1.0,8a85889853f0fbaa01540f0d556f0ec3
466,1.0,8a85896653e2e18b0153ea3a02c07f87
467,0.0,8a858e125a48129b015a4d67d0af79ce
468,0.0,8a858e2c5bd33ac0015bd3680c8b1bad
469,0.0,8a858e575bf80f73015bf8472cda156a
470,0.0,8a858e6a5bfd4b54015c109266872b55
471,1.0,8a858f055c831d5b015c838a80832e28
472,1.0,8a858f1c5ca1e2f9015ca1fb029f0b50
473,1.0,8a858f305c8dd672015c97a940a24715
474,1.0,8a858f505c7e3a50015c7f0abf5847cd
475,0.0,8a858f9f5679951a01567bdd5d0776da
476,1.0,8a858fc65d138f01015d1790d9407ce6
477,1.0,8a858f975c4582c4015c468f7f4f4e9a
478,1.0,8a8588dd54a3ead30154a63ea45314a8
479,1.0,8a858e045cd5b1d6015cd9c070a212a5
480,1.0,8a858e435d37b4ce015d392878493f59
481,1.0,8a858e605d3c7ec7015d3c8f538c07d2
482,1.0,8a858e6f5cd5e874015ce14cb92b3f01
483,1.0,8a858e885c63d379015c73df54dc0822
484,1.0,8a858ea85c58de66015c594fe5612ddb
485,1.0,8a858f085cf4e173015cf7d609e2007a
486,1.0,8a858f3455a0d8070155ba00f4ee20a2
487,0.0,8a858f675c1c43bc015c1e99c0a95a77
488,1.0,8a858fce5c360eb7015c39ab64e83dd8
489,1.0,8a858ff45be92ea2015be968b94e1872
490,1.0,8a858e7e5c7cff8b015c7d09f3b005b9
491,0.0,8a858f9f5bd99987015be4ac07c556fa
492,1.0,8a8588875438ed7e01543d072b3d7baa
493,0.0,8a85891e53ad0e6b0153b3d3854156fb
494,1.0,8a858e005c2154c2015c25ecd0760ca2
495,1.0,8a858e445cd56553015cd94108ba7dc1
496,1.0,8a858e585693982b0156ae3b98be2f9e
497,0.0,8a858e945631db2f015637e7700e4e60
498,1.0,8a858edf5c69a538015c795c0a0f0baf
499,1.0,8a858ef25cd0c652015cd46515a128be
500,1.0,8a858f195a374aff015a374cdbbb01a4
501,1.0,8a858f30551130db01551d15af161287
502,1.0,8a858f5e5cb23c77015cb94d2a40409c
503,0.0,8a858f735aec46c4015aece4cfa14726
504,1.0,8a858f8f5bfd3cfa015c00e809b600d4
505,1.0,8a858f98560bbe1101560db94d740f06
506,1.0,8a858fc15b68ba6a015b77dc3edd5df5
507,0.0,8a858fd25c5a5bc7015c5e0441fb4bfa
508,1.0,8a858e185b4923b4015b4e60a5c475ca
509,0.0,8a858e5b5bd99460015bdd35ed9771e9
510,1.0,8a858e6f5cd5e874015ce379944d6751
511,1.0,8a858e875c63d395015c6f115be54028
512,1.0,8a858eb95b8c2f6e015b8d4b02c83e7e
513,1.0,8a858ec55b441639015b479a5bac102b
514,1.0,8a858ee05a6b7d75015a6f9509d049af
515,1.0,8a858ef75b43fc73015b44be6f14622d
516,1.0,8a858f1e5add5268015ade70d6e220fa
517,1.0,8a858f615578136301557f55fc575dc4
518,0.0,8a858f8e5c63d73e015c6893b0722802
519,1.0,8a858fa45bd95e9a015be38192d70888
520,1.0,8a858fba5cd5feee015ce2e234b45c0c
521,1.0,8a858fe954ccb8d90154d46ece7f4034
522,1.0,8a858ffc5baffa85015bb07af6973748
523,1.0,8a858e765507208301550ad47dbd0a73
524,1.0,8a858f305cb1ec4e015cb5422c574d3f
525,1.0,8a85884e54a0565b0154a05a7dd10159
526,1.0,8a85895354be33300154bf7a48366035
527,1.0,8a8589f3545185540154764b72b027fb
528,0.0,8a858e625c8d993a015c91eb86343292
529,1.0,8a858eea5d1d99d3015d2729731b142b
530,0.0,8a858f005a04ae6e015a09f0358b20da
531,1.0,8a858f305c8dd672015c991b913e01df
532,1.0,8a858f585cf9d48b015cf9ee030e10ad
533,1.0,8a858f7057b918e40157b93a0b210f37
534,0.0,8a858e8a5c1c14b8015c2068cc9d6428
535,1.0,8a858f5659bc0eea0159c6f4b9ab6a80
536,1.0,8a858f675c1c43bc015c2049f2d20224
537,0.0,8a858f8a5b146b08015b14807b6c1308
538,1.0,8a858fa65d13a38c015d142bf2d73b6d
539,1.0,8a858fcd5cc5594e015cc57021210c21
540,1.0,8a858e365ca12b1d015ca1379747057d
541,1.0,8a858e445ca25ee3015ca2f66dc826e0
542,1.0,8a858e6b5ccb6ea8015cd03740010fff
543,1.0,8a858e6f5c120e66015c12a543a62da6
544,1.0,8a858eac5c451942015c469f4e8c1312
545,1.0,8a858f295c8d307f015c925746723871
546,1.0,8a858f2e5cd09481015cd3d378cd0b38
547,1.0,8a858f545908094b01591f39284c5592
548,1.0,8a858f625c5a3697015c5e1307347932
549,1.0,8a858f875cedcb03015cedea256e1bd5
550,1.0,8a858fca5c35df2c015c39ad8695343e
551,1.0,8a858fd35b441894015b46ec60a43c58
552,1.0,8a858ff85bd93919015be339c7e73cdd
553,0.0,8a858f2c59bc3fdd0159c69c632b7d9c
554,0.0,8a858fcb5c11f481015c167f5ecc4280
555,1.0,8a858fa55776f0470157799aa4b33da8
556,1.0,8a858fd35b441894015b4420f53b0fcb
557,0.0,8a858fe8555f401f015567a0cca24f03
558,1.0,8a858f475bceed0d015bcf37085126dd
559,1.0,8a858e0359cf06110159cf9c88e42ab0
560,1.0,8a858e445add19b4015ae205caa61bfd
561,1.0,8a858e6c5c88d145015c97d3d7401cc4
562,1.0,8a858e735c5a4bed015c5b4894e42483
563,1.0,8a858eba5c884d2a015c89bb147c054e
564,1.0,8a858f1554e294490154e74dde675366
565,0.0,8a858f265c2187bd015c21d5f78413fc
566,0.0,8a858e905b47e117015b47efdc460bbc
567,0.0,8a858e3d55ca3ef60155d426178f29ab
568,0.0,8a858e5d5c7e25b4015c8196828519c6
569,1.0,8a858e885ab85d06015ab89b8b3e2f1b
570,1.0,8a858ea555d9e6020155de8c81a63a1d
571,1.0,8a858eba5c884d2a015c887b946e2236
572,1.0,8a858eec5ca21dcb015ca3824cdb63b2
573,1.0,8a858f565b683b56015b7ad54ddc7f78
574,1.0,8a858f8e597cf3f401598353f79a7171
575,1.0,8a858fab5cd5e1a7015ce92aa49d4dd4
576,0.0,8a858fd95c878bfe015c87c21233283a
577,1.0,8a85882653d0bb500153d96597b72471
578,0.0,8a85892854be331a0154c4bf71841892
579,1.0,8a858e5856b7840c0156bbf9338d4bd6
580,1.0,8a858e965b5e1b91015b60d410a170e9
581,1.0,8a858edf5c69a538015c7c1bcda868dc
582,1.0,8a858ef7597cf4c5015982645c3773d3
583,1.0,8a858f075cee6786015ceeb680a533f4
584,1.0,8a858f255ca276c5015ca6175ff526db
585,1.0,8a858f2e5cd09481015cd41183a32235
586,0.0,8a858f965c6950da015c7825e09e6801
587,1.0,8a858fbc5cc666c8015cc96695e50338
588,0.0,8a858f7057b918e40157c973bde93376
589,1.0,8a858e125b1ff78f015b2030942c2d22
590,0.0,8a858e245b680423015b6ced9fa8358f
591,1.0,8a858e495d1e235c015d1e7b78531355
592,1.0,8a858eb05d2d1297015d317c118f380e
593,1.0,8a858ec9590ad35d01592b20868f2736
594,1.0,8a858ee55cb156e6015cc16bd9852bb8
595,1.0,8a858f015d66186b015d75096a420eca
596,1.0,8a858f165c1c22df015c20a6b4162cc3
597,1.0,8a858f30551130db01551abab6480371
598,0.0,8a858f495a70f465015a7562d9b20ad9
599,1.0,8a858f5e5cb23c77015cb5bd8faa5173
600,1.0,8a858f905c06a9c0015c06db624d043e
601,0.0,8a858fbd5cd6054a015cd6adb37a2735
602,0.0,8a858fd05b154854015b154996140050
603,1.0,8a858e245b680423015b6dd77f2150e8
604,1.0,8a858faf55d95d930155f31802a14559
605,1.0,8a85881053bc33670153bda8562417c7
606,1.0,8a858e0359b799e30159b7c4d72314cf
607,0.0,8a858e255b910db1015ba178f5865126
608,1.0,8a858e425700714c015700c9da261e46
609,0.0,8a858e63599799e901599a7ad1fb65e9
610,0.0,8a858e0f5c45466f015c541a01a868a1
611,1.0,8a858e1d5c5a460c015c5e52353154e3
612,1.0,8a858e3d5c3b5122015c408c5c046a18
613,1.0,8a858e5b5bd99460015be581e6a247b8
614,1.0,8a858e945bfdb9e7015c0b334ac868eb
615,1.0,8a858eba5c884d2a015c8d20bd55732a
616,1.0,8a858eda5c8863ff015c9d9e30427a65
617,1.0,8a858f1d5c7db9e2015c7dbe8a2d0254
618,1.0,8a858f275c451af5015c588578f40668
619,1.0,8a858f385b866e4f015b86abb1173999
620,1.0,8a858f7c5be8dc45015be8e136700347
621,1.0,8a858f9157f7b9670157fcc1f2611cff
622,0.0,8a858fae59ac8f090159ac920f32025b
623,1.0,8a858fc75cd62882015ce0364fc515ca
624,1.0,8a858fd85b685607015b6cf937f232be
625,1.0,8a858e1a59cbf7460159cfa0e079219d
626,1.0,8a858ef85cf93896015cf996a0a53980
627,1.0,8a858e1c5bf7d78e015bf8040dfc1602
628,1.0,8a858e235bd971a4015be654eb7a6489
629,1.0,8a858ee45b39aa80015b3d8b581e6281
630,0.0,8a858f0c5cc68025015cc6e912161dc0
631,1.0,8a858f2656e154de0156ff3308f15bed
632,1.0,8a858f2c5ca72bae015cab71247a577c
633,1.0,8a858f305cb1ec4e015cb4ebf8df3fcd
634,1.0,8a858f585cf9d48b015d0c8b49993e4d
635,1.0,8a858f7e564ad33801565727cc994cef
636,1.0,8a858fbd5cd6054a015ce8fc946d21fb
637,0.0,8a858fd05bfd7d3c015c0239684a5349
638,0.0,8a8588fd53c244bc0153c7464a0b550c
639,0.0,8a858e905bf2fa58015bf676bbf639a1
640,1.0,8a858f7e5c69a6e3015c6b5b59264a17
641,1.0,8a85881053bc33670153c79e8e84571a
642,1.0,8a858e3d5c3b5122015c3c3fdc122cdf
643,1.0,8a858e79568ec7de0156931b1c6d3ab0
644,1.0,8a858e875cfa37f5015d0d0f292e04c9
645,1.0,8a858e495cef1ef1015cef8066103757
646,0.0,8a858e695775665c01578086c7ef551a
647,0.0,8a858e7858eeb5710159076ba8f91be6
648,1.0,8a858eaf5800dcbe01580628f255795f
649,1.0,8a858f075b58beb8015b5bd409ec3cdc
650,1.0,8a858f1f5c16cb02015c1717673528c5
651,1.0,8a858f305c8dd672015c9d82080e7f53
652,1.0,8a858f775d0e8a23015d11f3cd1d202f
653,0.0,8a858fab5b9105dc015b94648ba66c06
654,0.0,8a858fc45c21da6f015c3087c36d6234
655,1.0,8a858e5b5ca767e1015cab5c58e371a0
656,1.0,8a858e705cb15527015cbfa1139f5368
657,1.0,8a858e8f5d41c974015d464347443fae
658,1.0,8a858eba5c884d2a015c91134a6222d8
659,1.0,8a858ed25bf83782015bf8d4e8d73474
660,1.0,8a858ede5ca210f0015ca65716f777d7
661,1.0,8a858f625c5a3697015c5ac8f5e332b1
662,1.0,8a858f985bf79668015bf7e2a2f12fef
663,1.0,8a858fcb5c11f481015c16739d933978
664,1.0,8a858fea5b8c314d015b8fc90f951661
665,0.0,8a858fd75bc96a6f015bcab7caf06c3f
666,1.0,8a858966538deb19015399017c6624de
667,1.0,8a858e9d5bfd7037015c0b68f69113ba
668,1.0,8a858f0f5bfd79d2015c0160587e37cf
669,1.0,8a858f305c8dd672015c9e1d9c281a8d
670,1.0,8a858ec75bfd77c4015c00a857466368
671,1.0,8a858eea5d1d99d3015d2cbec08b2a24
672,1.0,8a858f0a5bf3716c015bf60d479e6efd
673,0.0,8a858f2a5ce989dd015ce9a484671023
674,1.0,8a858f335c8d9723015c9cfffcce6261
675,1.0,8a858f4655ca643c0155d0dd20bb0a03
676,1.0,8a858f535c357042015c358627551358
677,1.0,8a858fb4563228d201564c66602444a2
678,1.0,8a858fc75cd62882015ce88b866c403f
679,0.0,8a858fd45a4260bc015a46d547e52e7f
680,1.0,8a858fed5a28bf0e015a2a1969814dc1
681,0.0,8a858e785c8d9167015c9b45028c148d
682,1.0,8a858f9f5bd99987015bdf4787394f7d
683,1.0,8a8588f35438fe1201544910ded312f7
684,1.0,8a858e445ca25ee3015ca6262dd83aaf
685,1.0,8a858e625c8d993a015c938f829f77ee
686,0.0,8a858e795b204ffc015b20b002161c85
687,1.0,8a858e8d56b784480156c74508a36a02
688,1.0,8a858eab5cf9c4c8015d030ef0336efa
689,1.0,8a858ed55c63db54015c68298dce5e26
690,1.0,8a858f0f5bfd79d2015c0d5202e15752
691,0.0,8a858f30551130db0155158c6aea0483
692,1.0,8a858f565b683b56015b7357f31e7569
693,1.0,8a858fa25bd92c20015be50d818f1890
694,1.0,8a858fd05bfd7d3c015c00da25930330
695,0.0,8a858fe05cac0c84015cac4f5c9a28b2
696,0.0,8a858ff45ca0ec96015ca173a34046a4
697,1.0,8a858e9d5bfd7037015c00c981e8766e
698,1.0,8a858f595ccb6f86015cce7333856062
699,1.0,8a858f6c5a37e2a3015a3820e4ef2dcd
700,1.0,8a858f8d5c82ba66015c8316bc8a3607
701,1.0,8a858fcf5b39c3ba015b3d9f215c3922
702,1.0,8a858e685adba68e015adc39b1736fc3
703,0.0,8a858e185b4923b4015b549f63781182
704,1.0,8a858e495cef1ef1015cf34cd155057f
705,1.0,8a858e6c5c88d145015c97ee34d02391
706,1.0,8a858e8c5d37e319015d387c0a7f1de8
707,1.0,8a858eb75c21a2b9015c310ae7325a77
708,1.0,8a858ee05a6b7d75015a6c9816c25449
709,1.0,8a858f4156939c3c01569d77496b6f81
710,0.0,8a858f565b683b56015b7cc0ebfa510d
711,1.0,8a858f665d5b785d015d5f68ed617390
712,1.0,8a858fb75cf4b2bd015cf85128965269
713,1.0,8a858fcc5ab942ce015ac02f026e2d48
714,1.0,8a858fdf5bf85f71015bf89b51181584
715,1.0,8a858ffb5d3cbcfc015d3d499c1838a2
716,1.0,8a858f665c2142a0015c2cf209e20a6f
717,1.0,8a858fcc5c5f010e015c5f2526d30e4b
718,0.0,8a858fd95c3b5bca015c4097e9ef79b1
719,1.0,8a858e445cd56553015ce919c86b2438
720,0.0,8a858e985885ff6d01588be6bd961528
721,0.0,8a858f905c06a9c0015c0fe9941d0e24
722,1.0,8a858e105bd92644015bd94c80a90e1b
723,1.0,8a858e485cc0eed3015cc5416e6e71b8
724,1.0,8a858ef35d0cff86015d0d51923d2548
725,1.0,8a858f265cfa1a64015cfca12d4651a3
726,1.0,8a858f435aa9712e015aab488ebc2491
727,1.0,8a858f625b43c0a1015b43e9175e3c65
728,1.0,8a858f7b5b103152015b104720d6105d
729,1.0,8a858e1158dc4d830158fabcf67068d0
730,0.0,8a858fab5bd395d6015bd3e7e69023fe
731,0.0,8a858e045b495c30015b53e0569d3bbe
732,1.0,8a858e105bd92644015bda5890b251e6
733,1.0,8a858e4a5cac6f81015cae46ed034497
734,0.0,8a858e945bee08de015bee107c0a034d
735,1.0,8a858ea555d9e6020155f60b676343b3
736,1.0,8a858ec55b441639015b4496fd5e581e
737,0.0,8a858f1b5ab8c83d015ab8c890820023
738,1.0,8a858f5a57519e4801576b2bd3284e9c
739,0.0,8a858fc959bc56c80159cafe40c76c01
740,1.0,8a858fe756939bbb0156afd209d97f15
741,1.0,8a858e125b391784015b3938942d2058
742,1.0,8a858ed35cc5ce51015cc5f0774411a6
743,0.0,8a858f2d5853901a01585dcf769f26de
744,1.0,8a858f92582fcca1015833a89b93069d
745,1.0,8a858e135cb22031015cc47670b55fa6
746,1.0,8a858e345bd96da8015be4fad6386f24
747,0.0,8a858e6a5bfd4b54015c0e8431373c5e
748,1.0,8a858eba5c884d2a015c9c11f8233e98
749,1.0,8a858ed45c454c11015c4dc59100572d
750,1.0,8a858ede5ca210f0015ca2d7fd614d59
751,1.0,8a858f105a4ed440015a51ffebd57187
752,1.0,8a858f4d59f551120159f6865c371501
753,0.0,8a858e1a5bd8a6ae015bd8b73b94063f
754,1.0,8a858f8a5a424041015a4296cb8733f7
755,1.0,8a8589f853f100fb0153fae1900a7f58
756,1.0,8a858e225c404292015c409a09261363
757,1.0,8a858e3e5922ba4301593bdd879f6f02
758,1.0,8a858e705b3a03c7015b3b10e6ae5eda
759,1.0,8a858e8455f96c1c0155ffd6abe87fb5
760,1.0,8a858ecc5d3c809e015d3d8cdb0e4e76
761,1.0,8a858f0056b7cf8e0156bd17f476237d
762,1.0,8a858f155554552501555540a44f2fc8
763,1.0,8a858f7b5ca7abe3015cac08f7d43c87
764,1.0,8a858f9c5cd581d9015cd5fd37de47cd
765,0.0,8a858fa25cfa127c015d0701d6ad4f46
766,1.0,8a858fc45c21da6f015c24f0838b380f
767,0.0,8a85886f543912e301543e0badb035fa
768,1.0,8a858e445cd56553015ce0837e8536e7
769,1.0,8a858f365b2547f3015b2fc6ca393bbe
770,1.0,8a858e185b57cc76015b57ee502c112c
771,1.0,8a858e6c5c88d145015c921ee70b6b4c
772,1.0,8a858e8d56b784480156d556a42862f5
773,0.0,8a858eab5cf9c4c8015d03737a977738
774,1.0,8a858ffd5caca417015cad45b31249a2
775,0.0,8a858ebb5adce699015ae18330e817da
776,0.0,8a858f295c8d307f015c9d627df260c1
777,0.0,8a858f6155f96a03015607947b3c4f67
778,0.0,8a85890253e2f1180153e56e89c93156
779,1.0,8a858e0f58afbace0158b7e566952a99
780,0.0,8a858e445add19b4015ae7ed46155eb9
781,0.0,8a858e69566ae5b801567b97d3465e99
782,1.0,8a858efa5c646292015c784893a301ed
783,0.0,8a858f0e5a6171ba015a648137c361bc
784,1.0,8a858f245d1dfd3e015d1e3c6bad1ae8
785,1.0,8a858f5f5b39bb0c015b3cbacb4c6b58
786,1.0,8a858f985bee01cb015befa895cd7226
787,0.0,8a858fd05bf22b18015bf25758ea1c9e
788,0.0,8aab10f748cf78ff0148d11fac1447a6
789,1.0,8a858f305c8dd672015c9d62596676c3
790,1.0,8a858e625c8d993a015c9bb44a9b0854
791,1.0,8a858e6b5ccb6ea8015ccf1c58031389
792,0.0,8a858e7b55deef140155eef7677821d0
793,1.0,8a858ee25b874ecc015b8a4d26917f4c
794,0.0,8a858ef358d4a48e0158e97fe129792e
795,0.0,8a858f13556665aa01557337c12412fc
796,1.0,8a858f1f5c834d4f015c872619d66fd2
797,1.0,8a858f525bedff8d015bef815d3c6d46
798,1.0,8a858f78550ba10401550c694cfc464b
799,1.0,8a858fff5a28d297015a32c55dee456d
800,1.0,8a858e195ccb3020015ccf6f378a0e9b
801,1.0,8a858e475c127bce015c16667af86900
802,1.0,8a858e875d3c4046015d3c4c537403c6
803,1.0,8a858ea15c884829015c8c27adb903b4
804,0.0,8a858eb65c3b3074015c40de35080a99
805,0.0,8a858ece5b0142e3015b045f5849587e
806,1.0,8a858f305c8dd672015c9b6de9735c21
807,1.0,8a858f3d5c1c9865015c1dd482f835ed
808,1.0,8a858f565b683b56015b7391c2617960
809,1.0,8a858f6e5cb16eb9015cb256f2d7506f
810,1.0,8a858f8e5986f510015987965aa9183a
811,1.0,8a858fab5b9105dc015b975e594e394a
812,1.0,8a858fb759878fc90159879cddf605ef
813,1.0,8a858fe55b013a0b015b0b5996ce4111
814,1.0,8a858e165cf9d8e3015cfffb0c61459f
815,1.0,8a858faf56939fea0156975419b87130
816,0.0,8a858ebc5b43210a015b4326f173080e
817,1.0,8a858edc5ceea2e6015ceea77c5c0300
818,1.0,8a858f00590ac4e701592b042a0e2816
819,1.0,8a858f305c8dd672015c967a260a1563
820,1.0,8a858f565b683b56015b68bf1d44335d
821,1.0,8a858f7a5d41fd47015d466672e123e0
822,1.0,8a858fa55cc5dbbc015cc62025142ae4
823,1.0,8a858fb45bb59c21015bb88a191f58f2
824,1.0,8a858fcb5b00cc54015b0253ced26a5f
0,,8a858959537a097401537a4e316e25f7
1,,8a8589c253ace09b0153af6ba58f1f31
2,,8a858e095aae82b7015aae86ca1e030b
3,,8a858e225a28c713015a30db5c48383d
4,,8a858e42570314e001570584d48641dc
5,,8a858e945bb0014b015bb526a9584a2d
6,,8a858eba5b681df4015b7c3d810c05ff
7,,8a858ec95afc0922015b0edc17e34984
8,,8a858f00590ac4e7015941db231908f6
9,,8a858f085b494826015b4982ca1f1a0c
10,,8a858f9d5668e3f10156749815b41f4d
11,,8a858fd3552c75620155320b88a16398
12,,8a858fe758dc437a0159018589dc5df0
13,,8a858e575a6c2e70015a6f61169b73b4
14,,8a858efd5b39cf3d015b3cb3b3882cc7
15,,8a85887d5384ae1401538a1fd2a853d4
16,,8a8589b953bc23f70153c7b5e85f25bd
17,,8a858e955add2971015addf0bf9623ee
18,,8a858ed158f3044d0158fca3eea0698e
19,,8a858eed5af07cc4015af10da7565173
20,,8a858f1f58716185015872d14d3e0e39
21,,8a858e0d59b7438d0159bad16dec7397
22,,8a858e3257b91c6d0157d208aede0483
23,,8a858e69566ae5b80156711deca24df3
24,,8a858e7855113fb70155241e8df50aba
25,,8a858e94580afa7901581b3d4fc60798
26,,8a858ec45577f83e01557c9d42d31c88
27,,8a858ecc5aa30451015aa42f76320bc7
28,,8a858ef458d4a52e0158f30caade579c
29,,8a85893d53f104eb015410ce1d262cdd
30,,8a8589c1545181f3015481a6fb827b40
31,,8a858e105bd92644015bdc54519566e5
32,,8a858e245c214660015c27adef9e3e17
33,,8a858e445add19b4015ae905c37c7b00
34,,8a858e645654fdc4015660f5f3593a9f
35,,8a858e955add2971015ae83a40df7a76
36,,8a858ea555d9e6020155efaba6540a82
37,,8a858ec3579655fa015796d4a7f20a25
38,,8a858ee25b34d796015b380aa54b5f73
39,,8a858f465668e3d6015673c90e483f44
40,,8a858f5e5566567d01556f2580846d5f
41,,8a858f7e564ad33801564b73c7113f56
42,,8a858fbd59a760570159a7a6fe900a10
43,,8a858966538deb190153a3e3cce916e9
44,,8a858e205c21d53a015c31cc641b57ab
45,,8a858e255557edfe015563a492d53502
46,,8a858e6359a764180159a7e46f8f1da6
47,,8a858e71570f2c6b01571f8552676a96
48,,8a858ec95afc0922015aff4399e77a12
49,,8a858f2e5b81c373015b83d7c16b7392
50,,8a858f5c5ad7d927015ad8d3ea7b5cca
51,,8a858fab5b9105dc015b96ba29ad301e
52,,8a858fbf5b3a0b46015b3d155a54623b
53,,8a858f9d5668e3f101566fd2e9f52c60
54,,8a85883353d0c4e90153d24b9d0667bd
55,,8a85893d542e18bc0154379710d6562c
56,,8a8589a453bc422d0153c724edd84327
57,,8a8589da5410287f01541a012bf23abb
58,,8a858e695775665c015779a1a5cc1192
59,,8a858e7a56e509290156f6ea4fca69d5
60,,8a858e9b5bcf8546015bd34d1f801a05
61,,8a85884e548fad6501549e6d40590168
62,,8a8588bf54c8eab60154c924cdd218ef
63,,8a8589845369f34301537c2ccbeb6972
64,,8a858e035693e029015696c50f545a8b
65,,8a858ee45b62dadc015b62fedecd1b56
66,,8a858f385b34d285015b388b44a27edf
67,,8a858fa154e2912f0155112438744810
68,,8a858fe55b013a0b015b041bc1fb418b
69,,8a858e955add2971015ae0fb8d6807d9
70,,8a858ea45b35639b015b38bc0dd21bd8
71,,8a858ebc5ac70dbe015ac734d3061e8b
72,,8a858f0455d9feaf0155ea840c8f410a
73,,8a858f23573921ad015742fc59060011
74,,8a858f385b34d285015b364237b40273
75,,8a858f8559ff51bc015a034f940172a7
76,,8a858fa158f8ee8f0158ff1bb2b747e1
77,,8a858fb959b6dfec0159b700765e15e7
78,,8a858fd3552c75620155313d65204f19
79,,8a3735d5518aba7301518ac34413010d
80,,8a8589045384bd830153966de1b77ab3
81,,8a85898a53bc15600153c45f7a98352e
82,,8a858e035a60d2b0015a60dfa9a40831
83,,8a858e2b598cba8201598e0475ff4489
84,,8a858e71570f2c6b01571fe3e60d0089
85,,8a858eef5554890501556d6c58e46b34
86,,8a858f3e5885ffa301588ccdf1b437ef
87,,8a858f0b5b5ddd79015b5f63003e7750
88,,8a858f5b5bee1b11015bf1f46fee071a
89,,8a858fab5b9105dc015b9c57408c68dc
90,,8a858ea8580b1fee015814d9ce7f41ec
91,,8a85882953bc04f80153bc05a36c0003
92,,8a8588f7548fb0a301549bd960a96cd3
93,,8a858e125b1ff78f015b237dc4da47e9
94,,8a858e69566ae5b8015670dfc8cc4825
95,,8a858eac5ad81473015adb5e13740d62
96,,8a858f3e5885ffa30158967ceea30830
97,,8a858f5f5a3d03ab015a3d1733130bf9
98,,8a858fe556939892015698f67b7f376a
99,,8a858f385b34d285015b355601945bb1
100,,8a858f725b49c0c0015b55555c7c5bef
101,,8a858f9d5afc0a16015b0054bbf824f1
102,,8a858fb1563219690156451133cc037c
103,,8a858fd25a1dc72f015a1dcba1230448
104,,8a858ff25a13ebf6015a150199c5042d
105,,8a858f9f5679951a015689f941316720
106,,8a85884e54be33290154c3f438574c05
107,,8a8589b953bc23f70153c72021c26a79
108,,8a858ee755a0c84a0155c0c075543408
109,,8a858f2c59cb2d550159cbf3d0437cb5
110,,8a858f435ad25c25015ad29e0ad52b72
111,,8a858f5e5566567d0155725ac7ea3c08
112,,8a858f8d5b632706015b65e38374135f
113,,8a858ff554e290e10154fe4e6b3f648c
114,,8a858fa3586d20e001586d3a40c3099b
115,,8a8588d653a915270153ab10232e304f
116,,8a858970548359cc0154866750a97482
117,,8a858e175b343fe2015b34860bbf44da
118,,8a858e2e5bb57a37015bbdd7f994337a
119,,8a858eac59b14c020159b1c6a26a5569
120,,8a858ec95afc0922015aff7d927011fb
121,,8a858f0a5ad6757c015ad6d4c20e46a2
122,,8a858f2756cec0a30156e76c4e6f6163
123,,8a858f3355ae6a610155c4dcf6ab573c
124,,8a858fdb58c2d2120158c76cf8d52e51
125,,8a85896653e2e18b0153e69c1b90265c
126,,8a858e0c552ae0b801553545d3540c8c
127,,8a858e105c1c09c8015c1d4a28156d9a
128,,8a858e4e5b33db76015b33e5561f0c42
129,,8a858eff55a090650155b0cbb1c8506e
130,,8a858f2656e154de0156eba07ec86e98
131,,8a858f7c5ccaf06d015ccb09b0070f34
132,,8a858faf56b7821c0156cbb2b12c07a8
133,,8a858fee5863a04901586977ceb769d2
134,,8a858f345c1075d5015c113cd32b57b0
135,,8a858fc35b347bd4015b34bbb0e15271
136,,8a858e1556321b940156558c236d45af
137,,8a858e35589c0ac00158a5b90844229d
138,,8a858e765507208301550b5cb3ae27bc
139,,8a858ea35a549d49015a5abfb27523a1
140,,8a858ee0564adc5001565b3821f86627
141,,8a858f0a5bf2ed17015bf34ffdf132c9
142,,8a858f1d587204670158788b891a13c5
143,,8a858ed25baac424015baaeed0191571
144,,8a858899538ddb8e01539adc8fa174ee
145,,8a85895354a059690154b8fdd9a57ed1
146,,8a858e0359bb64590159c00194e641f9
147,,8a858e2959d14bd70159d4bc25587344
148,,8a858e69566ae5b8015690272e3553fa
149,,8a858e875b1f7615015b1f9105b418af
150,,8a858ea555d9e6020155ed7936d6469b
151,,8a858eda552adcc201555d5b88396bcf
152,,8a858f0455d9feaf0155e3e801326320
153,,8a858f1955b1c4df0155c19feb017f89
154,,8a858f275c451af5015c5384d0fb5ec0
155,,8a858f6b570f2de901572981cca506b5
156,,8a858fed5a36fe62015a37705cbb3aaf
157,,8a858966538deb190153957484683e67
158,,8a858e035693e0290156b7095c00491c
159,,8a858e345bd96da8015be325004232e3
160,,8a858f1554e294490154fce5bc2f6140
161,,8a858faf5679a8380156906a01984117
162,,8a858fd05bfd7d3c015c081e057151ea
163,,8a858fe8555f401f01555f4577350080
164,,8a8588ae53f1cb7c015405113ce7447d
165,,8a858e945bfdb9e7015c02e0fdb0488b
166,,8a858ebb5adce699015ae2ee1d0c334d
167,,8a858ee758b4c54a0158b7b47c784cda
168,,8a858f185b390ca6015b3911a4b90979
169,,8a858f3b5c1c5a08015c1c6897ac062b
170,,8a858f5f5a83e8dc015a847ab68a5a08
171,,8a858f7d5578012a0155827e94874386
172,,8a858fd858e2f19a0158f2bf8b501085
173,,8a85888c54a05b820154a41ad90c504c
174,,8a8588fd53c244bc0153c62ea7c404ee
175,,8a858e2d5bb55d46015bc56e31b02869
176,,8a858e515b38f839015b39083e321384
177,,8a858e9b562dc74801562f4b84e3106d
178,,8a858ede57f78f520157fcfdcb4f1091
179,,8a858f3659f9d6dc0159fa2cafe23cc9
180,,8a858f7d5ab3ca4b015ab769621b5811
181,,8a858fc55b2fde30015b300d85e20ef2
182,,8a858fea5751aefe015752a1053b569f
183,,8a858e1c5bab1191015bb3064eba3de3
184,,8a858e4b5a94ae68015aa2b2bc5941b4
185,,8a858e69566ae5b801568fe0bb8a4fd0
186,,8a858ebd5b254c8b015b25ac90581db3
187,,8a85887d53675f4f015379a44783264e
188,,8a858957536752f3015375ad08686045
189,,8a8589f35451855401545c6aab952f7d
190,,8a858e6a5bfd4b54015bfd6f35f40fb2
191,,8a858f0d5a859ac0015a859b8f0c0095
192,,8a858f275a8e994e015a8ebcf96914e1
193,,8a858f5f55f9698c015602905f522aed
194,,8a858fcf5b39c3ba015b3d6d077c4383
195,,8a858ffe5ab2b16a015ab3180c915303
196,,8a76e7d443e6e97c0143ed099d102b1d
197,,8a8588fd53f1099e0154046cf0b95f16
198,,8a858e2d565657b101565c1f67be6de7
199,,8a858e955add2971015addaaea8c1d86
200,,8a858ecc57b9184b0157bd7491b650ec
201,,8a858f0056b7cf8e0156bbeefc4933cc
202,,8a858f13556665aa01556c9c75863a6d
203,,8a858f3d5add42e2015ae2f266f01da4
204,,8a858f615a60b7a9015a60ec6bd7262c
205,,8a858fe5569398920156adf52d137f11
206,,8a858fc25bafabdc015bb016ef44386e
207,,8a858e0156b782a10156bcdeedd505a3
208,,8a858e0d5aa8e240015aa8e8c383070d
209,,8a858e51584a1fc7015859e83e2a4eb4
210,,8a85886f543912e301543dfa84bb3132
211,,8a8589005384ab570153880ceba74594
212,,8a8589ec54517bf901547cc944a27d52
213,,8a858e0f58447645015849704e667760
214,,8a858e9156e137c601570163db4358c9
215,,8a858f8d56e0c3a70156fa3aa92e0b00
216,,8a858ffa55ca72a50155d8966d3b75eb
217,,8a85896653f0fed201540285f3625829
218,,8a858e59569397d50156ad56f88c51ee
219,,8a858eda552adcc201554f11a0100294
220,,8a858ee0564adc5001564ff69988109d
221,,8a858f3d5add42e2015ae0d08df06d16
222,,8a858f5f5b39bb0c015b3d560ed14ffc
223,,8a858f6d5a7fef7d015a8367573a6b63
224,,8a858f8a5a424041015a45922fcc2ede
225,,8a858e6f5668e017015692a82e0606e4
226,,8a858f1959d4ea4d0159d56ed9c448f1
227,,8a8588235384a58d01539f23b1071fd9
228,,8a85893d53f104eb0154054115f12c61
229,,8a858e0a5668e69c015669270a510c49
230,,8a858eda552adcc2015548f0eb523fc3
231,,8a858f005b396e23015b397ce2dc1159
232,,8a858f525b484af4015b484e35ec0367
233,,8a858f5f5b39bb0c015b3b16c0d931ad
234,,8a858fe25b8c4e5c015b9017d04846e1
235,,8a858899538ddb8e01539893f3b86ee7
236,,8a858e005941690001595e9e0eb82cde
237,,8a858e1d5ad28479015ad32c791e68f7
238,,8a858eaa55a0b8ae0155c7152bd3607e
239,,8a858ed1594a282f0159559953d13d0e
240,,8a858f0a5bf3716c015bf38c723c0aee
241,,8a858f2d5853901a01585c79a6021b8f
242,,8a858f4f5511dca2015527f16c630032
243,,8a858f9c582479b9015824b8e09b1c6f
244,,8a858ff554e290e10154f162ddb81445
245,,8a858f185ac156d7015ac34782ae1523
246,,8a858f3d5b4411b7015b45118d3e2534
247,,8a858faf5679a838015680f89d553201
248,,8a858fcd5b85c2b1015b85ee2cca208e
249,,8a858fdd54d4dd160154e1edcb6d7596
250,,8a85890453a912500153aa6fe6be3c5d
251,,8a858e165b90faf9015b9689938b1ff6
252,,8a858e5257d85fa40157ddeb16f322c3
253,,8a858e9f59d692440159da7307f4464e
254,,8a858eba5591bf28015596e245a341ea
255,,8a858f1b5b9136f7015b9f4034a8207d
256,,8a858f465668e3d6015685204d750dd7
257,,8a858f9d5a4ceb8f015a4d4dd6f0284e
258,,8a858fee5863a04901586cb3f8b5798a
259,,8a858f6e5b1a4fd0015b1a555f54042b
260,,8a858fa4552add9f01555355c66043ac
261,,8a858fd3552c756201554a0014cb700b
262,,8a858fe55656a93801565e0c6d4575d6
263,,8a8589d8548faed501549a0fd1d72170
264,,8a858e3654e2a8240154e9fa08b9171e
265,,8a858f0056b7cf8e0156b8918d424613
266,,8a858f2b5c11cabe015c11ed979718c6
267,,8a858f8d5b3e733e015b3e7510a70420
268,,8a858fab5b9105dc015b9e2f0f40784b
269,,8a858fd35b3ec939015b3ed2d4610f4f
270,,8a858ff15b5d3f84015b5d6327223863
271,,8a8588c7541e2f4b01541e3a48830105
272,,8a858e0f5577f579015581e5b7620c02
273,,8a858e1e54e2aa5a0154e2bed058051e
274,,8a858e5357d823010157e0abedca5874
275,,8a858e9f59d692440159da2c60b42106
276,,8a858f025a1e7e0c015a1f38bb824bd3
277,,8a858f9c5a4817be015a48bb859430a2
278,,8a858ff8582fcb8601583ef69ee437b2
279,,8a858eb65b19b654015b19d9d5aa1ba1
280,,8a858fce5bf8129c015bfbcdde9467f6
281,,8a8588f5542eb0d4015436389126718b
282,,8a858e1e5a1e6835015a22bbbeca0b24
283,,8a858e3a54e3370201552745a1785f7c
284,,8a858e685c217d36015c27c78514225b
285,,8a858eb05ab84ca7015ab86b95711634
286,,8a8588ae53f1cb7c015401ca6e5a5db8
287,,8a85897353d85af80153e0106e264de4
288,,8a858e2d565657b101565c1b4e586d85
289,,8a858ebc572e1e3a01572fa91eca67b7
290,,8a858edd57f790040157ffe9b6ed3fbb
291,,8a858f385b34d285015b368d23720716
292,,8a858f505b8ac45a015b8ac545bc0181
293,,8a858f755af1caee015af206036c172c
294,,8a858f965bc8e421015bcc66b05e5967
295,,8a858ff55b5d377b015b5d3ab51105e5
296,,8a858e1158dc4d830158f4057fc638c1
297,,8a858eac5c451942015c4a8f0ec6028c
298,,8a85888c54be35040154c75baed346d0
299,,8a8589a453bc422d0153c8a17dca5ebc
300,,8a858e0a565e71c401565f18e2630bcb
301,,8a858e935b8c1bc9015b8faf9fd16043
302,,8a858eba5591bf280155987d3c73182f
303,,8a858ed55c63db54015c6f9d253b5be9
304,,8a858ee9587f44aa01588138339b0769
305,,8a858f3159f585d30159f87d1a2877db
306,,8a858f44578e3d4601578efa5c6d3433
307,,8a858f60560bc43d01561c8fb7ea6af5
308,,8a858f735b437619015b439524ec306f
309,,8a858f965bb63a25015bbf63fd062e2e
310,,8a858fd458639fcc0158691747bc4ecb
311,,8a8589a453bc422d0153c752246a54c1
312,,8a858e035b62dff0015b63c73aba6d9a
313,,8a858e8d56b784480156c5f1019357de
314,,8a858ebd5b254c8b015b2f8ebbc96477
315,,8a858eea5a232d51015a24ed254c22de
316,,8a858f235b8bf5bc015b8bf94dbc0278
317,,8a858f465668e3d60156790caa5f49da
318,,8a858f615578136301558cd970840ea8
319,,8a858fcc59022384015902be7c522747
320,,8a858fde56eb02280156eb6dafc128ac
321,,8a858f2c58dc6e6801590636eb703b40
322,,8a85880353acff880153b9993fe358d9
323,,8a858899538ddb8e01539042374a1e26
324,,8a858957536752f301537984cbf74bb2
325,,8a858e125a48129b015a49f571142de2
326,,8a858e345bd96da8015be30e7a5a308f
327,,8a858e635bd8fe1e015bd93b5ecc1efe
328,,8a858ee0564adc5001565b13d2465aea
329,,8a858f0056b7cf8e0156c14b37d37121
330,,8a858f465668e3d601567dc3f5970090
331,,8a858f5e5566567d015577a80b01201e
332,,8a8588c2546bf759015471842d602473
333,,8a858f88578ad68901578bd0502a216a
334,,8a28afc7474813a40147639ec637156b
335,,8a8588f754a058cb0154b86caf3a73a4
336,,8a858e0256b781d80156c19fddb831ee
337,,8a858e875b910dfe015b9ef45d487dd4
338,,8a858ea55ac1546c015ac2b3547711f0
339,,8a858ec15a3d5e6a015a3e959d4547ed
340,,8a858e36590808e3015947b0870e6c89
341,,8a858e9b560bbd6301562203e6357977
342,,8a858ed45c454c11015c505b357c147d
343,,8a858f005b396e23015b3977901b0c51
344,,8a858f1b5b256bc9015b2f998c4d6822
345,,8a858f275c451af5015c50cf80457196
346,,8a858f3455a0d8070155c059a8e9682c
347,,8a858f535908095c01592c4a9576186c
348,,8a858f775b3ea497015b3ed88dba478e
349,,8a858fa158d4a6c00158f545e583678b
350,,8a858ff554e290e10155065b5ba54cce
351,,8a85880353acff880153b92f8599568b
352,,8a85893d53f104eb0153f50deaef1783
353,,8a858e235b5784eb015b5790e9e109d7
354,,8a858e42570314e00157062a120e6345
355,,8a858e5a5be99e1c015bebdbc5d04739
356,,8a858ea55ab92cff015abff180597ac7
357,,8a858edf55ca17ba0155cbfdd5f3610e
358,,8a858f1e5aec5791015aecab567a2a87
359,,8a858f2c58dc6e680158ddc5674b32d7
360,,8a858f2f5a04ac4f015a0e30386456a2
361,,8a858f465668e3d6015674d9567a2c56
362,,8a858f7c5ad29e0f015ad2ac49010f4d
363,,8a858fcc5ac15618015ac360876c1aae
364,,8a858fee5aaeb536015ab028da65651f
365,,8a8588b75438f49901544dd4d4991156
366,,8a858e6956939bac01569d5dd0256c09
367,,8a858f375b493337015b572be9d01961
368,,8a8589b953bc23f70153c60c56b21c00
369,,8a858e0256b781d80156c3064ab92fae
370,,8a858e865b90b1a8015b90e497b3231b
371,,8a858f4156939c3c0156a3156a530b83
372,,8a858f735c161bda015c164d86632026
373,,8a858faf56b7821c0156cd9d24f12275
374,,8a858fd05bfd7d3c015c01a7e0f636db
375,,8a858fe75be82695015be82d3612075f
376,,8a858e6f5668e01701568ca49e112c41
377,,8a858f265c2187bd015c298ca7e642cc
378,,8a85891e53ad0e6b0153af3918bb1d28
379,,8a858e185b57cc76015b57e77d890d59
380,,8a858ed25bf83782015bfb7756f4006e
381,,8a858f265c1c393e015c1e796dbe49eb
382,,8a858f4c5bb597f6015bb9f60ed711da
383,,8a858fa154e2912f0155071c1e512f6f
384,,8a858fde56eb02280156efa2889b0326
385,,8a858e1f5cac899f015cad49e98535fa
386,,8a858e6f5668e017015685eef7736a7d
387,,8a858fa859a7641e0159a9122c3c61b5
388,,8a858fff5a36fe68015a3733e2131686
389,,8a858f8a5a424041015a467fa9ea3240
390,,8a8588f6548fb0c20154957369615d27
391,,8a858e9d59e0997b0159eae2e4fa7611
392,,8a858eda5984353b01598957192919d7
393,,8a858f365b2547f3015b2bfd85c85ec1
394,,8a858f3e589c40610158b48a71b430d3
395,,8a858f7d5578012a015579e9cfd56f51
396,,8a858e0c552ae0b801553548b39d0db2
397,,8a858e3e5922ba430159604e0bc87433
398,,8a858e6f5668e017015670fc49be1dc7
399,,8a858e875b910dfe015b9a75f78739f7
400,,8a858eb4588604f701589b300e2768ee
401,,8a858eb55b24c7b8015b24d6095c0c46
402,,8a858f045556eaa4015568356b2d414c
403,,8a858fe756939bbb015695c2144d6077
404,,8a858f535908095c01591628b8dc27b1
405,,8a85880353acff880153bd56e93f75ff
406,,8a8588b2548362e601548bffd0e62b04
407,,8a858e035693e02901569c2e205d58ac
408,,8a858e205c21d53a015c31eef2ae5b6a
409,,8a858ed75732b681015733b076635f39
410,,8a858ef45be99ccb015bebccaa063f88
411,,8a858f13556665aa0155727a1c73511c
412,,8a858fa4552add9f01553fb0d84f57aa
413,,8aab160f499477da014999ba2f0f578b
414,,8a858e8d56b784480156b8dfa2c27373
415,,8a858fd85b685607015b6dfb15ef56c2
416,,8a8589045384bd8301538f539eb13617
417,,8a858e205af14ee8015af221e4fb5fd6
418,,8a858ee0560bc07701561d3b978b4831
419,,8a858f0455d9feaf0155de3652a42b81
420,,8a858f2c585375f00158678b108144f8
421,,8a858f385b34d285015b36b6a49b08d1
422,,8a858f5e5566567d01556c3e3c342d60
423,,8a858f795896e56b0158972775f12556
424,,8a858f98560bbe1101560ccaa0f8413b
425,,8a858faf5679a838015679c459720d76
426,,8a858fe756939bbb0156b1159291111a
427,,8a858ffb5b350b52015b376f8d7f10ba
428,,8a8588fd53c244bc0153c77b6b9e691b
429,,8a8589ec54517bf90154682378410694
430,,8a858e0f58afbace0158c909b63e176b
431,,8a858e2155defefd0155e3c9a8564f63
432,,8a858e435bedeb4f015bf103d73403bf
433,,8a858f08582a51bc01582a7123560822
434,,8a858f1358d4ac270158d995e64634b8
435,,8a858f3355ae6a610155c583cc8e034d
436,,8a858f61560bc0e501560d55eaca7446
437,,8a858fc35b347bd4015b34c1a0db575f
438,,8a8589af547ff51b015481b0e7bb7d8e
439,,8a858e045b495c30015b5317021320fa
440,,8a858e1d5b2510b2015b3059914e6865
441,,8a858e3c58537338015864369edf2b32
442,,8a858e6f5668e01701568dc4c95e13d0
443,,8a858e8e59bbadf50159c61ebd527a05
444,,8a858ec15b483ae3015b485358b30f89
445,,8a858f565b683b56015b77d6c4b14751
446,,8a858f61560bc0e501561c6067660b09
447,,8a858fd05bfd7d3c015bfe43473d3c9d
448,,8a858fe5569398920156986fc0337f88
449,,8a858e2d565657b1015668e28ed86029
450,,8a858edb552adcfd015531bdc5371d37
451,,8a8588235384a58d0153a1e7fa6a5089
452,,8a858899538ddb8e01539536add23417
453,,8a85896653f0fed2015409612ce006b1
454,,8a858e6458625423015864d7a62e6785
455,,8a858e94580afa7901581f3d9ca72ad9
456,,8a858ffd5b391849015b391d7c0e0810
457,,8a8589595384a853015392bf85934db0
458,,8a858e6f5668e01701567d90922848d5
459,,8a858e885b68546c015b75aa90485958
460,,8a858eaa5bed957a015bed9d7eae048b
461,,8a858ec358dc5c130158f9d80a236ac7
462,,8a85889853f0fbaa0153f22d15cc4a8b
463,,8a8589b953d0be470153d6173d7c3fdd
464,,8a858e6f5668e01701568b6b258b23d2
465,,8a858e9d5bfd7037015c108764345649
466,,8a858f045556eaa4015567f7595b3f4f
467,,8a858f5c5bfc7082015bfc91ab1c169b
468,,8a858ffa55ca72a50155d9a6e8a257c4
469,,8a85881a5420ebf101543716beee1039
470,,8a85895354be33300154c4e81edf0dd7
471,,8a858e44573d4b3701574dcc81ef0120
472,,8a858e625c8d993a015c9bf9278c32f7
473,,8a858e69566ae5b801568eb3041a121a
474,,8a858ec9590ad35d01592685afd83a7a
475,,8a858ed25b1b19eb015b1db705be3e05
476,,8a858f4e5ba5e8d3015ba64844642115
477,,8a858fa5552add5d0155452401244051
478,,8a858fef570f30e5015721e4b5126686
479,,8a8588dc5384a05f015393fe59506c77
480,,8a85896653e2e18b0153f09b2aa35634
481,,8a8589c1545181f301547bc43dd2668b
482,,8a858e0c552ae0b801553e7fcd662ff7
483,,8a858e1856aa901b0156ae8f6ada1a00
484,,8a858e585693982b0156b439a16e0a8d
485,,8a858e975aec3bc1015aed6218ec0220
486,,8a85889853efa9ce0153f00d9efc24b3
487,,8a858966538deb190153995769e748d1
488,,8a858e0256b781d80156cbcbc09a471c
489,,8a858e2d5bb55d46015bbf3c999363f3
490,,8a858ee0560bc0770156123f4bb26fc7
491,,8a858f5f55f9698c0156028d5ba328e7
492,,8a858f925bec9b74015bece5fdc43462
493,,8a858f9c56aaf37d0156ac3dcf0f06c9
494,,8a858fd85b685607015b782ab1432e4a
495,,8a858f3b59eed4f10159ef4562a23e9b
496,,8a858f9f5bd99987015be772dfc257f1
497,,8a8588f754a058cb0154bb6c773d1bbb
498,,8a858e245a4f0e47015a5adda94f4429
499,,8a858ea35b1f6798015b1fba337d412a
500,,8a858ee45a1e6afb015a21cf92450c11
501,,8a858f03582604ff01582a09d5a32c12
502,,8a858f1f5b48a72d015b48a73d40001e
503,,8a858f375b493337015b56c4ef7a4e0c
504,,8a858f565b683b56015b724f43c25b8e
505,,8a858f7e564ad3380156565307213481
506,,8a858fae5921beeb015926d404124f7e
507,,8a858fff5a36fe68015a3744f0021e89
508,,8a858eae5c356262015c3575c5b40c22
509,,8a8588fd53f1099e0153ff88e0b16f21
510,,8a858e0256b781d80156c20e3b025c59
511,,8a858e17562dc2270156312c4a755edc
512,,8a858e41579fc64b0157b4831cca06cd
513,,8a858e645862542301586d65e8e03e2c
514,,8a858e705b3a03c7015b3d6aac0b7eb2
515,,8a858ebe5908030101591c4e795f7484
516,,8a858eee58727169015877060b15540c
517,,8a858f615591c2cc0155932f442a68d0
518,,8a858f8b5a1812a8015a183a092d1960
519,,8a858fa75b5c94ed015b5ca7267d13f2
520,,8a858f3455a0d8070155b6c6fdd05de2
521,,8a8589a453d0b8850153d7410291589f
522,,8a858e10570f2d6501571f38cbfc725c
523,,8a858e2d565657b101565ae54e5638c1
524,,8a858f3a58a6d6720158aa1f06e4388a
525,,8a858f8d56e0c3a70156fa06a8c87640
526,,8a858ed158f3044d0158f9d167153599
527,,8a858f15555455250155599a5f7a5dc1
528,,8a858fab5b9105dc015b9a196ae14921
529,,8a858fe8555f401f015572a171e745ed
530,,8a858f8d5b632706015b63adf38a451e
531,,8a85883353d0c4e90153d308b87e7f1a
532,,8a8588fd53c244bc0153c7d786e9171d
533,,8a858e245b680423015b7ad113d6259a
534,,8a858f0056b7cf8e0156c10ef5725adc
535,,8a858f1554e294490154f1aed36c042f
536,,8a858f2c58dc6e680158e34dcf8b2508
537,,8a858f8d56e0c3a70156e519862924ae
538,,8a858f725b49c0c0015b520763bc7ee4
539,,8a858fee5863a04901586b94f5ef2105
540,,8a818823525dceef01525deda2480384
541,,8a85896653f0fed20154065bbe063ff7
542,,8a858e255557edfe015559c51f350cc0
543,,8a858e6f5a3744d4015a376ff0721081
544,,8a858e785acd3412015acd48f4920d04
545,,8a858ec05a9535db015aa2ab23c10d1e
546,,8a858f0a56d3ed1f0156d55f4623244c
547,,8a858f1554e29449015505ceef786df0
548,,8a858f2c59cb2d550159cb54fa96143e
549,,8a858fa154e2912f0154ef3eeb7c6e15
550,,8a858fc55a85c4fc015a88ddb3041731
551,,8a858fea5b391cd7015b3933a65d2017
552,,8a818926522ea5ef01523aff15c37482
553,,8a85892854be331a0154c7f8abdb669b
554,,8a858e245b680423015b70f7a57e07ac
555,,8a858e3d570f30bb01571db9f99b0254
556,,8a858e5f5b390a6e015b3916bcf60ccb
557,,8a858eed5af07cc4015af0cc483126df
558,,8a858f085b494826015b4995aaf8215d
559,,8a858f3455a0d8070155b16b7768789b
560,,8a858f6f5b3f095b015b4293c4775b80
561,,8a858f8f5bd43c36015bd84ce0b26bce
562,,8a858faf55d95d930155f02fd7f92a5a
563,,8a8588235384a58d0153a80649f43890
564,,8a8589a053acc39e0153b20ebccf30b9
565,,8a858e65582a517e0158314aa5853c15
566,,8a858e9b5972b8ec015974526b2b5b25
567,,8a858efe5bca0a81015bcafa92f72787
568,,8a858f055b15b8d3015b168707084a4b
569,,8a858f2756cec0a30156d7a04f140afd
570,,8a858f6c5b5cff3d015b5d08e3110cd6
571,,8a858fa1581f869601582023dd373106
572,,8a858faf56939fea015698f52c0b0e5b
573,,8a858fd3552c756201554443ab122d5a
574,,8a85886e54beabf90154cabe9155402d
575,,8a8588e65485c1da0154869013603444
576,,8a858e0f5c45466f015c46d8a4047abc
577,,8a858e675b00c831015b06776ce75e69
578,,8a858e985a413242015a41421a640b17
579,,8a858ee755a0c84a0155a77bd775235f
580,,8a858f265c2187bd015c24bd18b2461b
581,,8a858f465668e3d601568dd071503445
582,,8a858f585bfd6341015c02b6bdef00d3
583,,8a858feb58c565cf0158d11c49895721
584,,8a85883353e2e4e40153eca57a9855c6
585,,8a85891e53ad0e6b0153bde2fece1bef
586,,8a858e0256b781d80156c257b79f0ac0
587,,8a858e5856b7840c0156bcc7ca5f1618
588,,8a85881053bc33670153c7a0e6ee582e
589,,8a858e345bd96da8015bdda4b3061ff5
590,,8a858e9156e137c601570b4d23a949fc
591,,8a858eb95591bf000155939bbc8954b9
592,,8a858ec95afc0922015b080cc25e41f8
593,,8a858edc59e0d8f70159eba2590759b5
594,,8a858f0455d9feaf0155f24e3cb568e6
595,,8a858f3d5ab81f53015ab8334351169b
596,,8a858faf5679a838015685e32ce57cb0
597,,8a8588235375c27f01537fd31b1f53cd
598,,8a8588b754517d80015457518d6a1968
599,,8a8589f35451855401546bca9c952edb
600,,8a858e0d59b23c720159b35b31f54d8b
601,,8a858e2155defefd0155f51978645e36
602,,8a858e3d55ca3ef60155ce643a0663d5
603,,8a858e9156e137c60156e5e9f9d85b38
604,,8a858ebd5b254c8b015b2ebaaf2652a7
605,,8a858f3c5c16cadb015c1a134d3c0c7a
606,,8a858f975c4582c4015c49b8173116fa
607,,8a858fa158d4a6c00158f0024f7b611b
608,,8a858fb15b34a708015b361f8b9921bd
609,,8a858fcd5bd42c30015bd43a8d6c054c
610,,8a858eff55a090650155c091410641dc
611,,8addcb0645aff34b0145b25fe1616ee0
612,,8a85890253e2f1180153eae33e5e6bc3
613,,8a858e0156b782a10156b81770b82e07
614,,8a858e0c552ae0b801553c98c01724b2
615,,8a858e6956939bac015695667dc84376
616,,8a858ee45b8c041c015b8fe6cc4f01d2
617,,8a858f085b494826015b54a0b2a1093b
618,,8a858fcf5b39c3ba015b39c7691603e1
619,,8a858eb554d4ccaf0154de19c1281f9d
620,,8a858f3355ae6a610155bbaab30362bd
621,,8a858f615b1ffb14015b200e2dc10f69
622,,8a858fde56eb02280156f59b976d46c0
623,,8a858e10570f2d65015717fcfec44996
624,,8a858f605b911d60015b91b99d55400d
